model,N,Accepted_rate,r_native,r_aug,delta_r,ci_low,ci_high,degenerate_bootstrap_samples
anthropic__claude-haiku-4-5,38,0.2894736842105263,0.15855166104530286,0.17427118688212384,0.015719525836820986,-0.03551683271893772,0.085525530267271,0.0
anthropic__claude-sonnet-4-5,39,0.4358974358974359,0.13021088599663241,0.09543627149216011,-0.034774614504472307,-0.09024278788403478,0.021921185083984815,0.0
anthropic__claude-sonnet-4-6,30,0.36666666666666664,0.12719041701144332,0.12511238680615508,-0.0020780302052882393,-0.00693472172945958,0.0,0.0
Model mean / total,107,0.364012595591543,0.13865098801779285,0.13160661506014634,-0.00704437295764652,,,
