model,N,Accepted_rate,r_native,r_aug,delta_r,ci_low,ci_high,degenerate_bootstrap_samples
anthropic__claude-haiku-4-5,47,0.3404255319148936,0.11669377130567363,0.11847553833666576,0.001781767030992129,-0.04079586484731155,0.04638934418098615,0.0
anthropic__claude-sonnet-4-5,49,0.4489795918367347,0.052151625564506844,0.027152768765519794,-0.02499885679898705,-0.07180355819680694,0.018232222155399457,0.0
anthropic__claude-sonnet-4-6,39,0.4358974358974359,0.19046311051280815,0.18873571874017028,-0.0017273917726378651,-0.006312336179985755,0.0,0.0
Model mean / total,135,0.40843418654968805,0.1197695024609962,0.11145467528078527,-0.008314827180210928,,,
