model,params,N,NodeF1,EdgeF1_native,EdgeF1_aug,PlanningScore_native,PlanningScore_aug,ToolF1,ParamF1,ParamValueF1,ToolUsageScore,EM,TokenF1,Raw_rate,Accepted,Parse_error_rate,EdgeF1_delta,Tool_clean_N
anthropic__claude-haiku-4-5,--,165,0.5345275590374299,0.0895736574149183,0.1032317798430942,0.3120506082261741,0.318879669440262,0.4627305156196234,0.4966317638364487,0.2255760962279075,0.3949794585613265,0.2848484848484848,0.3310470135924681,0.2848484848484848,0.3333333333333333,0.0,0.0136581224281758,101.0
anthropic__claude-sonnet-4-5,--,165,0.5291215301770096,0.1077858721997477,0.1191400846966566,0.3184537011883786,0.324130807436833,0.4298959508715501,0.4558506989344542,0.2527633110758693,0.3795033202939579,0.4121212121212121,0.4555259633056101,0.4303030303030303,0.4787878787878787,0.0242424242424242,0.0113542124969088,104.0
anthropic__claude-sonnet-4-6,--,165,0.4978422671144592,0.1061259667098144,0.1149894339844876,0.3019841169121368,0.3064158505494734,0.4192525016056262,0.4165497417560909,0.1999992275051467,0.3452671569556213,0.3696969696969697,0.4099387094218188,0.3575757575757576,0.4484848484848485,0.0424242424242424,0.0088634672746731,83.0
Model mean,--,495,0.5204971187762996,0.10116183210816014,0.11245376617474613,0.31082947544222983,0.3164754424755228,0.4372929893655999,0.4563440681756646,0.2261128782696412,0.37324997860363524,0.35555555555555557,0.398837228773299,0.3575757575757576,0.4202020202020202,0.0222222222222222,0.0112919340665859,96.0
