pool,subset,n_tasks,n_models,n_pairs,native_or_tie_pairs,augmented_helped_pairs,augmented_helped_rate,mean_edge_delta,median_edge_delta,positive_models
open-weight,All,54,7,378,303,75,0.1984126984126984,0.03367418299915686,0.0,7
closed-model,All,54,8,432,358,74,0.1712962962962963,0.028535095940336777,0.0,8
all-models,All,54,15,810,661,149,0.18395061728395062,0.03093333656778615,0.0,15
open-weight,GAIA Level 2,29,7,203,162,41,0.2019704433497537,0.03609928862334725,0.0,7
closed-model,GAIA Level 2,29,8,232,192,40,0.1724137931034483,0.028055584121760593,0.0,8
all-models,GAIA Level 2,29,15,435,354,81,0.18620689655172415,0.0318093128891677,0.0,15
